{"products":[{"id":"0.016221654123137697","qty":1}],"totalPrice":31.019999999999996}