{"products":[{"id":"0.7644019852097752","qty":1}],"totalPrice":50.03999999999999}